Public_Notebook,Original_Name,Original_SHA256,Stage
notebooks/preprocessing/04_query_preprocessing.ipynb,Notebook_4_Executed_Point2.ipynb,3EFC9D80EC4A81A290FEE6D3AAB36F093E385011868F4844E92E615F2200D561,Point 2
notebooks/linguistic_pipeline/05_qac_root_lookup.ipynb,Notebook_5_Executed_Point2.ipynb,E9990C41F8A6EA59B3778D19580424B75C88773DC0EF2661CA10F8AE62864AA4,Point 2
notebooks/linguistic_pipeline/06_camel_fallback_strict.ipynb,Notebook_6_Executed_Point2_Final_Strict.ipynb,A32ACCC8AB6F79E70551FDCA0689FF363526278DEC2347528A081A29B674D333,Point 2
notebooks/linguistic_pipeline/07_maqayis_enrichment.ipynb,Notebook_7_Executed_Maqayis_Semantic_Enrichment.ipynb,80CB275799AE53A8E108261B4898152FCF4F04B3F5E7C4DF508D3CDE4051ECC1,Notebook 7
notebooks/linguistic_pipeline/08_qpc_preparation.ipynb,Notebook_8_Executed_QPC_Passage_Correction.ipynb,AF1CDCD7D0B937D255D0A1EBBBE0144439907ED77F7E780754561E21E510625C,Notebook 8
notebooks/linguistic_pipeline/09a_passage_linguistic_representation.ipynb,Notebook_9A_Executed_QPC_Passage_Correction.ipynb,B07D5C970F5F90767AE7BD77479B9F493A7D5879DC833F6976A9220D8360EE80,Notebook 9A
notebooks/retrieval/09b_ralsr_candidate_generation.ipynb,Notebook_9B_RALSR_Lineage_Corrected_Executed.ipynb,3EE72356881C6043DE1534D09455E7B7992928BBB7A5E428C882F04920875463,Notebook 9B
notebooks/retrieval/09c_ralsr_split_safe_scoring.ipynb,Notebook_9C_Split_Safe_Normalization_No_Answer_Executed.ipynb,8FBB01AC1825DBE282CEC44D2881395F168DF45575A65D2440E6BC2359AF47DD,Notebook 9C
notebooks/retrieval/09d_csr_construction.ipynb,Notebook_9D_CSR_Authoritative_Lineage_Corrected_Executed.ipynb,4C33191EF9F45AC2C8208CB31F8F35FAE7C3815B29015825BFEE7925082D855F,Notebook 9D
notebooks/retrieval/10a_bm25.ipynb,Notebook_10A_Base_BM25_Corrected_Query_Executed.ipynb,2A4C57556603A4AEE5DCDA325DE43F4593BB68056E9DC501C79DAB2F54CAD40F,Notebook 10A
notebooks/retrieval/10b_dense_e5.ipynb,Notebook 10B – Baseline 2 - Dense Retrieval.ipynb,3C852F6DD5EE0106EDF74520344F379EA192ECCBBC2F710602A2898B24581FF0,Notebook 10B
notebooks/retrieval/10d_dense_csr.ipynb,Notebook_10D_Corrected_BM25_CSR_Dense_CSR_Executed.ipynb,1987EC3DC7E736D74A58F97AF01AD3D22261300B6A2300DF72070F311D6970A5,Notebook 10D
notebooks/evidence/tuned_ralsr_ablation.ipynb,Evidence_Notebook_Tuned_RALSR_Ablation.ipynb,1DCEF325BAC79E7BE49717552CED74F5C54B0402CED726BE5C1E5AD212CB167B,Tuned RALSR
notebooks/evidence/06_unresolved_term_characterization.ipynb,Evidence_Notebook_06_Unresolved_Term_Characterization.ipynb,42E4252F63CCFFDAD80BA3FAE5384DF13AB381F2E081E78F4A8DE5D3953EA649,Step 6
notebooks/evidence/07_evaluation_protocol_and_core_results.ipynb,Evidence_Notebook_07_Evaluation_Protocol_and_Core_Results.ipynb,20700C1BE24CCD95AC770CD33B07B40EB80ED842C2209A608A494C0B8E586A27,Steps 4/7
notebooks/evidence/08_core_error_analysis.ipynb,Evidence_Notebook_08_Core_Error_Analysis.ipynb,FCD157BEE837BB565190C53C2EFE107D15FC6271EDD1CEF0574A7BA47609CC33,Step 8
notebooks/evidence/09_dense_csr_final_evaluation.ipynb,Evidence_Notebook_09_Dense_CSR_Final_Evaluation.ipynb,CB12EAC6A9BBE60EFDCFF0756AE1DD06B6101F75D968068A67EE38BF981F6F1B,Step 9
notebooks/evidence/10_crossencoder_final_evaluation.ipynb,Evidence_Notebook_10_CrossEncoder_Final_Evaluation.ipynb,E7FA41525E0015F77A15BE286961B478253E14CB5B8A6ACBCDEE3D24139D66AF,Step 10
