Measure,Count,Denominator,Percentage
Structural zero-candidate failures,2,44,0.045454545454545456
At least one gold passage in full candidate set,36,44,0.8181818181818182
No gold passage in full candidate set,8,44,0.18181818181818182
At least one gold passage in fixed Top 100,30,44,0.6818181818181818
At least one gold passage in fixed Top 10,15,44,0.3409090909090909
At least one gold passage at fixed rank 1,4,44,0.09090909090909091
Candidate-set size mean,296.1136363636364,,
Candidate-set size median,231.0,,
Candidate-set size minimum,0,,
Candidate-set size maximum,1102,,
Candidate-bearing query size mean,310.2142857142857,,
Candidate-bearing query size median,244.0,,
