Metric_ID,Description,Full_Precision_Value,Thesis_Display_Value,Unit,Authoritative_Source,Source_SHA256,Thesis_Chapter,Notes
ROOT_TOTAL,Selected query-term records,1342,1342,count,${THESIS_WORKSPACE}\02_Methodology_Evidence\QAC and Root Extraction\Corrected_Outputs\Point_2_Query_Root_Provenance\QuranQA_Hybrid_Root_Retrieval_Corrected.csv,07B5B47567B8A0917F893680061F972A6595C5543334957A41672CB0229B3DDF,Methodology/Results,
ROOT_QAC,QAC accepted roots,525,525,count,${THESIS_WORKSPACE}\02_Methodology_Evidence\QAC and Root Extraction\Corrected_Outputs\Point_2_Query_Root_Provenance\QuranQA_Hybrid_Root_Retrieval_Corrected.csv,07B5B47567B8A0917F893680061F972A6595C5543334957A41672CB0229B3DDF,Methodology/Results,
ROOT_CAMEL,CAMeL accepted roots,488,488,count,${THESIS_WORKSPACE}\02_Methodology_Evidence\QAC and Root Extraction\Corrected_Outputs\Point_2_Query_Root_Provenance\QuranQA_Hybrid_Root_Retrieval_Corrected.csv,07B5B47567B8A0917F893680061F972A6595C5543334957A41672CB0229B3DDF,Methodology/Results,
ROOT_ACCEPTED,Total accepted roots,1013,1013,count,${THESIS_WORKSPACE}\02_Methodology_Evidence\QAC and Root Extraction\Corrected_Outputs\Point_2_Query_Root_Provenance\QuranQA_Hybrid_Root_Retrieval_Corrected.csv,07B5B47567B8A0917F893680061F972A6595C5543334957A41672CB0229B3DDF,Methodology/Results,
ROOT_UNRESOLVED,Unresolved records,329,329,count,${THESIS_WORKSPACE}\02_Methodology_Evidence\QAC and Root Extraction\Corrected_Outputs\Point_2_Query_Root_Provenance\QuranQA_Hybrid_Root_Retrieval_Corrected.csv,07B5B47567B8A0917F893680061F972A6595C5543334957A41672CB0229B3DDF,Methodology/Results,
MAQ_EXACT,Exact Maqāyīs matches,724,724,count,${THESIS_WORKSPACE}\02_Methodology_Evidence\Maqāyīs Lookup\Corrected_Outputs\Notebook_7_Maqayis_Semantic_Enrichment\QuranQA_Semantic_Enrichment_Corrected.csv,1F65EABA834BB1CF5D5098E124218FFAB1C209CCD5AFD9A662390DE360202FB9,Methodology/Results,
MAQ_UNMATCHED,Accepted roots without exact match,289,289,count,${THESIS_WORKSPACE}\02_Methodology_Evidence\Maqāyīs Lookup\Corrected_Outputs\Notebook_7_Maqayis_Semantic_Enrichment\QuranQA_Semantic_Enrichment_Corrected.csv,1F65EABA834BB1CF5D5098E124218FFAB1C209CCD5AFD9A662390DE360202FB9,Methodology/Results,
MAQ_ACCEPTED_COVERAGE,Exact matches among accepted roots,71.5,71.5%,percent,${THESIS_WORKSPACE}\02_Methodology_Evidence\Maqāyīs Lookup\Corrected_Outputs\Notebook_7_Maqayis_Semantic_Enrichment\QuranQA_Semantic_Enrichment_Corrected.csv,1F65EABA834BB1CF5D5098E124218FFAB1C209CCD5AFD9A662390DE360202FB9,Methodology/Results,
MAQ_ALL_COVERAGE,Exact enrichment among all terms,53.9,53.9%,percent,${THESIS_WORKSPACE}\02_Methodology_Evidence\Maqāyīs Lookup\Corrected_Outputs\Notebook_7_Maqayis_Semantic_Enrichment\QuranQA_Semantic_Enrichment_Corrected.csv,1F65EABA834BB1CF5D5098E124218FFAB1C209CCD5AFD9A662390DE360202FB9,Methodology/Results,
MAQ_SUBSTITUTIONS,Root substitutions,0,0,count,${THESIS_WORKSPACE}\02_Methodology_Evidence\Maqāyīs Lookup\Corrected_Outputs\Notebook_7_Maqayis_Semantic_Enrichment\QuranQA_Semantic_Enrichment_Corrected.csv,1F65EABA834BB1CF5D5098E124218FFAB1C209CCD5AFD9A662390DE360202FB9,Methodology/Results,
MAQ_INVENTED,Invented unresolved roots,0,0,count,${THESIS_WORKSPACE}\02_Methodology_Evidence\Maqāyīs Lookup\Corrected_Outputs\Notebook_7_Maqayis_Semantic_Enrichment\QuranQA_Semantic_Enrichment_Corrected.csv,1F65EABA834BB1CF5D5098E124218FFAB1C209CCD5AFD9A662390DE360202FB9,Methodology/Results,
AUDIT_N,Printed-edition sample,30,30,count,${THESIS_CONTROL_ROOT}\Maqayis_Printed_Edition_Audit\MAQAYIS_30_ROOT_AUDIT_TABLE.csv,35235D16422C7721E197234E85FFAC2720A08960F34D5FB4487E2CD70EB6FBC4,Results,
AUDIT_A,Substantive agreement,27,27,count,${THESIS_CONTROL_ROOT}\Maqayis_Printed_Edition_Audit\MAQAYIS_30_ROOT_AUDIT_TABLE.csv,35235D16422C7721E197234E85FFAC2720A08960F34D5FB4487E2CD70EB6FBC4,Results,
AUDIT_B,Partial agreement,0,0,count,${THESIS_CONTROL_ROOT}\Maqayis_Printed_Edition_Audit\MAQAYIS_30_ROOT_AUDIT_TABLE.csv,35235D16422C7721E197234E85FFAC2720A08960F34D5FB4487E2CD70EB6FBC4,Results,
AUDIT_C,Material disagreement,3,3,count,${THESIS_CONTROL_ROOT}\Maqayis_Printed_Edition_Audit\MAQAYIS_30_ROOT_AUDIT_TABLE.csv,35235D16422C7721E197234E85FFAC2720A08960F34D5FB4487E2CD70EB6FBC4,Results,
AUDIT_U,Unverifiable,0,0,count,${THESIS_CONTROL_ROOT}\Maqayis_Printed_Edition_Audit\MAQAYIS_30_ROOT_AUDIT_TABLE.csv,35235D16422C7721E197234E85FFAC2720A08960F34D5FB4487E2CD70EB6FBC4,Results,
AUDIT_TRACE,Strict/broad traceability,90.0,90.0%,percent,${THESIS_CONTROL_ROOT}\Maqayis_Printed_Edition_Audit\MAQAYIS_30_ROOT_AUDIT_TABLE.csv,35235D16422C7721E197234E85FFAC2720A08960F34D5FB4487E2CD70EB6FBC4,Results,
UNRES_A,No accepted root,329,329,count,${THESIS_CONTROL_ROOT}\Unresolved_Term_Characterization\UNRESOLVED_TERM_CHARACTERIZATION_REPORT.md,CE93CF4EF72341752A46CED7E5C9D46972850418BEBD37E085B2C30CB2E80881,Results,
UNRES_A_PCT,No accepted root share,24.5,24.5%,percent,${THESIS_CONTROL_ROOT}\Unresolved_Term_Characterization\UNRESOLVED_TERM_CHARACTERIZATION_REPORT.md,CE93CF4EF72341752A46CED7E5C9D46972850418BEBD37E085B2C30CB2E80881,Results,
UNRES_B,Accepted root/no exact Maqāyīs match,289,289,count,${THESIS_CONTROL_ROOT}\Unresolved_Term_Characterization\UNRESOLVED_TERM_CHARACTERIZATION_REPORT.md,CE93CF4EF72341752A46CED7E5C9D46972850418BEBD37E085B2C30CB2E80881,Results,
UNRES_B_ACCEPTED_PCT,No exact match among accepted roots,28.5,28.5%,percent,${THESIS_CONTROL_ROOT}\Unresolved_Term_Characterization\UNRESOLVED_TERM_CHARACTERIZATION_REPORT.md,CE93CF4EF72341752A46CED7E5C9D46972850418BEBD37E085B2C30CB2E80881,Results,
UNRES_B_ALL_PCT,No exact match share of all terms,21.5,21.5%,percent,${THESIS_CONTROL_ROOT}\Unresolved_Term_Characterization\UNRESOLVED_TERM_CHARACTERIZATION_REPORT.md,CE93CF4EF72341752A46CED7E5C9D46972850418BEBD37E085B2C30CB2E80881,Results,
NO_SEM,No exact semantic evidence,618,618,count,${THESIS_CONTROL_ROOT}\Unresolved_Term_Characterization\UNRESOLVED_TERM_CHARACTERIZATION_REPORT.md,CE93CF4EF72341752A46CED7E5C9D46972850418BEBD37E085B2C30CB2E80881,Results,
NO_SEM_PCT,No exact semantic evidence share,46.1,46.1%,percent,${THESIS_CONTROL_ROOT}\Unresolved_Term_Characterization\UNRESOLVED_TERM_CHARACTERIZATION_REPORT.md,CE93CF4EF72341752A46CED7E5C9D46972850418BEBD37E085B2C30CB2E80881,Results,
PASSAGES,QPC passages,1266,1266,count,${THESIS_WORKSPACE}\02_Methodology_Evidence\QAC and Root Extraction\Corrected_Outputs\QPC_Passage_Side_Validation\QuranQA_Enriched_Passage_Representation.csv,9BC72BB9C6C13E2FF1810B1963568C3F8CEDBB776BF7B60E389B0DA2433F96BA,Methodology,
PASSAGE_IDS,Unique passage IDs,1266,1266,count,${THESIS_WORKSPACE}\02_Methodology_Evidence\QAC and Root Extraction\Corrected_Outputs\QPC_Passage_Side_Validation\QuranQA_Enriched_Passage_Representation.csv,9BC72BB9C6C13E2FF1810B1963568C3F8CEDBB776BF7B60E389B0DA2433F96BA,Methodology,
TOKENS,Passage token occurrences,77909,77909,count,${THESIS_WORKSPACE}\02_Methodology_Evidence\QAC and Root Extraction\Corrected_Outputs\QPC_Passage_Side_Validation\QuranQA_Enriched_Passage_Representation.csv,9BC72BB9C6C13E2FF1810B1963568C3F8CEDBB776BF7B60E389B0DA2433F96BA,Methodology,
VOCAB,Passage vocabulary terms,14693,14693,count,${THESIS_WORKSPACE}\02_Methodology_Evidence\QAC and Root Extraction\Corrected_Outputs\QPC_Passage_Side_Validation\QuranQA_Enriched_Passage_Representation.csv,9BC72BB9C6C13E2FF1810B1963568C3F8CEDBB776BF7B60E389B0DA2433F96BA,Methodology,
TRAIN_JUDGED,Train judged qids,174,174,count,${THESIS_CONTROL_ROOT}\No_Answer_Audit\NO_ANSWER_SPLIT_SUMMARY.csv,DBA65E5EF668DA54A924BF535C42975EC2A9939929C123DF9B75AEFC5DDC52EE,Methodology/Results,
TRAIN_NOANS,Train gold no-answer qids,26,26,count,${THESIS_CONTROL_ROOT}\No_Answer_Audit\NO_ANSWER_SPLIT_SUMMARY.csv,DBA65E5EF668DA54A924BF535C42975EC2A9939929C123DF9B75AEFC5DDC52EE,Methodology/Results,
TRAIN_ANSWER,Train answerable qids,148,148,count,${THESIS_CONTROL_ROOT}\No_Answer_Audit\NO_ANSWER_SPLIT_SUMMARY.csv,DBA65E5EF668DA54A924BF535C42975EC2A9939929C123DF9B75AEFC5DDC52EE,Methodology/Results,
DEV_JUDGED,Dev judged qids,25,25,count,${THESIS_CONTROL_ROOT}\No_Answer_Audit\NO_ANSWER_SPLIT_SUMMARY.csv,DBA65E5EF668DA54A924BF535C42975EC2A9939929C123DF9B75AEFC5DDC52EE,Methodology/Results,
DEV_NOANS,Dev gold no-answer qids,4,4,count,${THESIS_CONTROL_ROOT}\No_Answer_Audit\NO_ANSWER_SPLIT_SUMMARY.csv,DBA65E5EF668DA54A924BF535C42975EC2A9939929C123DF9B75AEFC5DDC52EE,Methodology/Results,
DEV_ANSWER,Dev answerable qids,21,21,count,${THESIS_CONTROL_ROOT}\No_Answer_Audit\NO_ANSWER_SPLIT_SUMMARY.csv,DBA65E5EF668DA54A924BF535C42975EC2A9939929C123DF9B75AEFC5DDC52EE,Methodology/Results,
TEST_JUDGED,Test judged qids,51,51,count,${THESIS_CONTROL_ROOT}\No_Answer_Audit\NO_ANSWER_SPLIT_SUMMARY.csv,DBA65E5EF668DA54A924BF535C42975EC2A9939929C123DF9B75AEFC5DDC52EE,Methodology/Results,
TEST_NOANS,Test gold no-answer qids,7,7,count,${THESIS_CONTROL_ROOT}\No_Answer_Audit\NO_ANSWER_SPLIT_SUMMARY.csv,DBA65E5EF668DA54A924BF535C42975EC2A9939929C123DF9B75AEFC5DDC52EE,Methodology/Results,
TEST_ANSWER,Test answerable qids,44,44,count,${THESIS_CONTROL_ROOT}\No_Answer_Audit\NO_ANSWER_SPLIT_SUMMARY.csv,DBA65E5EF668DA54A924BF535C42975EC2A9939929C123DF9B75AEFC5DDC52EE,Methodology/Results,
FIXED_W_ROOT_COVERAGE,Fixed RALSR weight: Root Coverage,0.3,0.30,weight,${THESIS_WORKSPACE}\02_Methodology_Evidence\RALSR\Corrected_Outputs\RALSR_Split_Safe_Normalization_No_Answer\RALSR_Top100_Split_Safe_With_No_Answer.csv,7B70FBEACBF4E1AB11888CCB1798E9C48349C2977795F871601866A1D04D4D6C,Methodology,
FIXED_W_ROOT_OVERLAP,Fixed RALSR weight: Root Overlap,0.25,0.25,weight,${THESIS_WORKSPACE}\02_Methodology_Evidence\RALSR\Corrected_Outputs\RALSR_Split_Safe_Normalization_No_Answer\RALSR_Top100_Split_Safe_With_No_Answer.csv,7B70FBEACBF4E1AB11888CCB1798E9C48349C2977795F871601866A1D04D4D6C,Methodology,
FIXED_W_SEMANTIC_OVERLAP,Fixed RALSR weight: Semantic Overlap,0.2,0.20,weight,${THESIS_WORKSPACE}\02_Methodology_Evidence\RALSR\Corrected_Outputs\RALSR_Split_Safe_Normalization_No_Answer\RALSR_Top100_Split_Safe_With_No_Answer.csv,7B70FBEACBF4E1AB11888CCB1798E9C48349C2977795F871601866A1D04D4D6C,Methodology,
FIXED_W_JACCARD_ROOT_SIMILARITY,Fixed RALSR weight: Jaccard Root Similarity,0.15,0.15,weight,${THESIS_WORKSPACE}\02_Methodology_Evidence\RALSR\Corrected_Outputs\RALSR_Split_Safe_Normalization_No_Answer\RALSR_Top100_Split_Safe_With_No_Answer.csv,7B70FBEACBF4E1AB11888CCB1798E9C48349C2977795F871601866A1D04D4D6C,Methodology,
FIXED_W_PASSAGE_ROOT_COUNT,Fixed RALSR weight: Passage Root Count,0.05,0.05,weight,${THESIS_WORKSPACE}\02_Methodology_Evidence\RALSR\Corrected_Outputs\RALSR_Split_Safe_Normalization_No_Answer\RALSR_Top100_Split_Safe_With_No_Answer.csv,7B70FBEACBF4E1AB11888CCB1798E9C48349C2977795F871601866A1D04D4D6C,Methodology,
FIXED_W_SEMANTIC_COUNT,Fixed RALSR weight: Semantic Count,0.05,0.05,weight,${THESIS_WORKSPACE}\02_Methodology_Evidence\RALSR\Corrected_Outputs\RALSR_Split_Safe_Normalization_No_Answer\RALSR_Top100_Split_Safe_With_No_Answer.csv,7B70FBEACBF4E1AB11888CCB1798E9C48349C2977795F871601866A1D04D4D6C,Methodology,
TUNED_W_ROOT_COVERAGE,Tuned G01079 weight: Root Coverage,0,0.00,weight,${THESIS_CONTROL_ROOT}\Tuned_RALSR_Ablation\TUNED_RALSR_WEIGHTS.json,06C2447FABEA838DDBC09153B126EBCD4B23D1872DCCE35673966D1AA26D9F6B,Results,
TUNED_W_ROOT_OVERLAP,Tuned G01079 weight: Root Overlap,0,0.00,weight,${THESIS_CONTROL_ROOT}\Tuned_RALSR_Ablation\TUNED_RALSR_WEIGHTS.json,06C2447FABEA838DDBC09153B126EBCD4B23D1872DCCE35673966D1AA26D9F6B,Results,
TUNED_W_SEMANTIC_OVERLAP,Tuned G01079 weight: Semantic Overlap,0.25,0.25,weight,${THESIS_CONTROL_ROOT}\Tuned_RALSR_Ablation\TUNED_RALSR_WEIGHTS.json,06C2447FABEA838DDBC09153B126EBCD4B23D1872DCCE35673966D1AA26D9F6B,Results,
TUNED_W_JACCARD_ROOT_SIMILARITY,Tuned G01079 weight: Jaccard Root Similarity,0.55,0.55,weight,${THESIS_CONTROL_ROOT}\Tuned_RALSR_Ablation\TUNED_RALSR_WEIGHTS.json,06C2447FABEA838DDBC09153B126EBCD4B23D1872DCCE35673966D1AA26D9F6B,Results,
TUNED_W_PASSAGE_ROOT_COUNT,Tuned G01079 weight: Passage Root Count,0.1,0.10,weight,${THESIS_CONTROL_ROOT}\Tuned_RALSR_Ablation\TUNED_RALSR_WEIGHTS.json,06C2447FABEA838DDBC09153B126EBCD4B23D1872DCCE35673966D1AA26D9F6B,Results,
TUNED_W_SEMANTIC_COUNT,Tuned G01079 weight: Semantic Count,0.1,0.10,weight,${THESIS_CONTROL_ROOT}\Tuned_RALSR_Ablation\TUNED_RALSR_WEIGHTS.json,06C2447FABEA838DDBC09153B126EBCD4B23D1872DCCE35673966D1AA26D9F6B,Results,
TUNED_GRID,Tuned-RALSR simplex grid size,53130,53130,count,${THESIS_CONTROL_ROOT}\Tuned_RALSR_Ablation\TUNED_RALSR_WEIGHTS.json,06C2447FABEA838DDBC09153B126EBCD4B23D1872DCCE35673966D1AA26D9F6B,Methodology/Results,
CORE_BM25_TRAIN_OFFICIAL_JUDGED_MAP10,BM25 train Official judged MAP@10,0.116674984950847,0.1167,metric,${THESIS_CONTROL_ROOT}\Final_Core_Evaluation\CORE_RESULTS_ALL_SPLITS.csv,F3D95EA6DD7EAAA3C4F30CDACAAC3446BD084566552CC5360A2CA3A4FCFD4BBE,Results,
CORE_BM25_TRAIN_OFFICIAL_JUDGED_MRR10,BM25 train Official judged MRR@10,0.198839171683999,0.1988,metric,${THESIS_CONTROL_ROOT}\Final_Core_Evaluation\CORE_RESULTS_ALL_SPLITS.csv,F3D95EA6DD7EAAA3C4F30CDACAAC3446BD084566552CC5360A2CA3A4FCFD4BBE,Results,
CORE_BM25_DEV_OFFICIAL_JUDGED_MAP10,BM25 dev Official judged MAP@10,0.107590476190476,0.1076,metric,${THESIS_CONTROL_ROOT}\Final_Core_Evaluation\CORE_RESULTS_ALL_SPLITS.csv,F3D95EA6DD7EAAA3C4F30CDACAAC3446BD084566552CC5360A2CA3A4FCFD4BBE,Results,
CORE_BM25_DEV_OFFICIAL_JUDGED_MRR10,BM25 dev Official judged MRR@10,0.243000000000000,0.2430,metric,${THESIS_CONTROL_ROOT}\Final_Core_Evaluation\CORE_RESULTS_ALL_SPLITS.csv,F3D95EA6DD7EAAA3C4F30CDACAAC3446BD084566552CC5360A2CA3A4FCFD4BBE,Results,
CORE_BM25_TEST_OFFICIAL_JUDGED_MAP10,BM25 test Official judged MAP@10,0.073356767543619,0.0734,metric,${THESIS_CONTROL_ROOT}\Final_Core_Evaluation\CORE_RESULTS_ALL_SPLITS.csv,F3D95EA6DD7EAAA3C4F30CDACAAC3446BD084566552CC5360A2CA3A4FCFD4BBE,Results,
CORE_BM25_TEST_OFFICIAL_JUDGED_MRR10,BM25 test Official judged MRR@10,0.174229691876751,0.1742,metric,${THESIS_CONTROL_ROOT}\Final_Core_Evaluation\CORE_RESULTS_ALL_SPLITS.csv,F3D95EA6DD7EAAA3C4F30CDACAAC3446BD084566552CC5360A2CA3A4FCFD4BBE,Results,
CORE_DENSE_E5_TRAIN_OFFICIAL_JUDGED_MAP10,Dense E5 train Official judged MAP@10,0.201287029942990,0.2013,metric,${THESIS_CONTROL_ROOT}\Final_Core_Evaluation\CORE_RESULTS_ALL_SPLITS.csv,F3D95EA6DD7EAAA3C4F30CDACAAC3446BD084566552CC5360A2CA3A4FCFD4BBE,Results,
CORE_DENSE_E5_TRAIN_OFFICIAL_JUDGED_MRR10,Dense E5 train Official judged MRR@10,0.328877029739099,0.3289,metric,${THESIS_CONTROL_ROOT}\Final_Core_Evaluation\CORE_RESULTS_ALL_SPLITS.csv,F3D95EA6DD7EAAA3C4F30CDACAAC3446BD084566552CC5360A2CA3A4FCFD4BBE,Results,
CORE_DENSE_E5_DEV_OFFICIAL_JUDGED_MAP10,Dense E5 dev Official judged MAP@10,0.159455536990625,0.1595,metric,${THESIS_CONTROL_ROOT}\Final_Core_Evaluation\CORE_RESULTS_ALL_SPLITS.csv,F3D95EA6DD7EAAA3C4F30CDACAAC3446BD084566552CC5360A2CA3A4FCFD4BBE,Results,
CORE_DENSE_E5_DEV_OFFICIAL_JUDGED_MRR10,Dense E5 dev Official judged MRR@10,0.300158730158730,0.3002,metric,${THESIS_CONTROL_ROOT}\Final_Core_Evaluation\CORE_RESULTS_ALL_SPLITS.csv,F3D95EA6DD7EAAA3C4F30CDACAAC3446BD084566552CC5360A2CA3A4FCFD4BBE,Results,
CORE_DENSE_E5_TEST_OFFICIAL_JUDGED_MAP10,Dense E5 test Official judged MAP@10,0.099526538915073,0.0995,metric,${THESIS_CONTROL_ROOT}\Final_Core_Evaluation\CORE_RESULTS_ALL_SPLITS.csv,F3D95EA6DD7EAAA3C4F30CDACAAC3446BD084566552CC5360A2CA3A4FCFD4BBE,Results,
CORE_DENSE_E5_TEST_OFFICIAL_JUDGED_MRR10,Dense E5 test Official judged MRR@10,0.289542483660131,0.2895,metric,${THESIS_CONTROL_ROOT}\Final_Core_Evaluation\CORE_RESULTS_ALL_SPLITS.csv,F3D95EA6DD7EAAA3C4F30CDACAAC3446BD084566552CC5360A2CA3A4FCFD4BBE,Results,
CORE_FIXED_RALSR_TRAIN_OFFICIAL_JUDGED_MAP10,Fixed RALSR train Official judged MAP@10,0.100846154918233,0.1008,metric,${THESIS_CONTROL_ROOT}\Final_Core_Evaluation\CORE_RESULTS_ALL_SPLITS.csv,F3D95EA6DD7EAAA3C4F30CDACAAC3446BD084566552CC5360A2CA3A4FCFD4BBE,Results,
CORE_FIXED_RALSR_TRAIN_OFFICIAL_JUDGED_MRR10,Fixed RALSR train Official judged MRR@10,0.154764185367634,0.1548,metric,${THESIS_CONTROL_ROOT}\Final_Core_Evaluation\CORE_RESULTS_ALL_SPLITS.csv,F3D95EA6DD7EAAA3C4F30CDACAAC3446BD084566552CC5360A2CA3A4FCFD4BBE,Results,
CORE_FIXED_RALSR_DEV_OFFICIAL_JUDGED_MAP10,Fixed RALSR dev Official judged MAP@10,0.067380952380952,0.0674,metric,${THESIS_CONTROL_ROOT}\Final_Core_Evaluation\CORE_RESULTS_ALL_SPLITS.csv,F3D95EA6DD7EAAA3C4F30CDACAAC3446BD084566552CC5360A2CA3A4FCFD4BBE,Results,
CORE_FIXED_RALSR_DEV_OFFICIAL_JUDGED_MRR10,Fixed RALSR dev Official judged MRR@10,0.126666666666667,0.1267,metric,${THESIS_CONTROL_ROOT}\Final_Core_Evaluation\CORE_RESULTS_ALL_SPLITS.csv,F3D95EA6DD7EAAA3C4F30CDACAAC3446BD084566552CC5360A2CA3A4FCFD4BBE,Results,
CORE_FIXED_RALSR_TEST_OFFICIAL_JUDGED_MAP10,Fixed RALSR test Official judged MAP@10,0.042896916936709,0.0429,metric,${THESIS_CONTROL_ROOT}\Final_Core_Evaluation\CORE_RESULTS_ALL_SPLITS.csv,F3D95EA6DD7EAAA3C4F30CDACAAC3446BD084566552CC5360A2CA3A4FCFD4BBE,Results,
CORE_FIXED_RALSR_TEST_OFFICIAL_JUDGED_MRR10,Fixed RALSR test Official judged MRR@10,0.135154061624650,0.1352,metric,${THESIS_CONTROL_ROOT}\Final_Core_Evaluation\CORE_RESULTS_ALL_SPLITS.csv,F3D95EA6DD7EAAA3C4F30CDACAAC3446BD084566552CC5360A2CA3A4FCFD4BBE,Results,
CORE_TUNED_RALSR_TRAIN_OFFICIAL_JUDGED_MAP10,Tuned RALSR train Official judged MAP@10,0.106831338095706,0.1068,metric,${THESIS_CONTROL_ROOT}\Final_Core_Evaluation\CORE_RESULTS_ALL_SPLITS.csv,F3D95EA6DD7EAAA3C4F30CDACAAC3446BD084566552CC5360A2CA3A4FCFD4BBE,Results,
CORE_TUNED_RALSR_TRAIN_OFFICIAL_JUDGED_MRR10,Tuned RALSR train Official judged MRR@10,0.172525542784163,0.1725,metric,${THESIS_CONTROL_ROOT}\Final_Core_Evaluation\CORE_RESULTS_ALL_SPLITS.csv,F3D95EA6DD7EAAA3C4F30CDACAAC3446BD084566552CC5360A2CA3A4FCFD4BBE,Results,
CORE_TUNED_RALSR_DEV_OFFICIAL_JUDGED_MAP10,Tuned RALSR dev Official judged MAP@10,0.067261904761905,0.0673,metric,${THESIS_CONTROL_ROOT}\Final_Core_Evaluation\CORE_RESULTS_ALL_SPLITS.csv,F3D95EA6DD7EAAA3C4F30CDACAAC3446BD084566552CC5360A2CA3A4FCFD4BBE,Results,
CORE_TUNED_RALSR_DEV_OFFICIAL_JUDGED_MRR10,Tuned RALSR dev Official judged MRR@10,0.110000000000000,0.1100,metric,${THESIS_CONTROL_ROOT}\Final_Core_Evaluation\CORE_RESULTS_ALL_SPLITS.csv,F3D95EA6DD7EAAA3C4F30CDACAAC3446BD084566552CC5360A2CA3A4FCFD4BBE,Results,
CORE_TUNED_RALSR_TEST_OFFICIAL_JUDGED_MAP10,Tuned RALSR test Official judged MAP@10,0.040843540030391,0.0408,metric,${THESIS_CONTROL_ROOT}\Final_Core_Evaluation\CORE_RESULTS_ALL_SPLITS.csv,F3D95EA6DD7EAAA3C4F30CDACAAC3446BD084566552CC5360A2CA3A4FCFD4BBE,Results,
CORE_TUNED_RALSR_TEST_OFFICIAL_JUDGED_MRR10,Tuned RALSR test Official judged MRR@10,0.135862122626828,0.1359,metric,${THESIS_CONTROL_ROOT}\Final_Core_Evaluation\CORE_RESULTS_ALL_SPLITS.csv,F3D95EA6DD7EAAA3C4F30CDACAAC3446BD084566552CC5360A2CA3A4FCFD4BBE,Results,
CORE_BM25_TRAIN_ANSWERABLE_ONLY_MAP10,BM25 train Answerable-only MAP@10,0.137171941766536,0.1372,metric,${THESIS_CONTROL_ROOT}\Final_Core_Evaluation\CORE_RESULTS_ALL_SPLITS.csv,F3D95EA6DD7EAAA3C4F30CDACAAC3446BD084566552CC5360A2CA3A4FCFD4BBE,Results,
CORE_BM25_TRAIN_ANSWERABLE_ONLY_MRR10,BM25 train Answerable-only MRR@10,0.233770377520377,0.2338,metric,${THESIS_CONTROL_ROOT}\Final_Core_Evaluation\CORE_RESULTS_ALL_SPLITS.csv,F3D95EA6DD7EAAA3C4F30CDACAAC3446BD084566552CC5360A2CA3A4FCFD4BBE,Results,
CORE_BM25_DEV_ANSWERABLE_ONLY_MAP10,BM25 dev Answerable-only MAP@10,0.128083900226757,0.1281,metric,${THESIS_CONTROL_ROOT}\Final_Core_Evaluation\CORE_RESULTS_ALL_SPLITS.csv,F3D95EA6DD7EAAA3C4F30CDACAAC3446BD084566552CC5360A2CA3A4FCFD4BBE,Results,
CORE_BM25_DEV_ANSWERABLE_ONLY_MRR10,BM25 dev Answerable-only MRR@10,0.289285714285714,0.2893,metric,${THESIS_CONTROL_ROOT}\Final_Core_Evaluation\CORE_RESULTS_ALL_SPLITS.csv,F3D95EA6DD7EAAA3C4F30CDACAAC3446BD084566552CC5360A2CA3A4FCFD4BBE,Results,
CORE_BM25_TEST_ANSWERABLE_ONLY_MAP10,BM25 test Answerable-only MAP@10,0.085027162380103,0.0850,metric,${THESIS_CONTROL_ROOT}\Final_Core_Evaluation\CORE_RESULTS_ALL_SPLITS.csv,F3D95EA6DD7EAAA3C4F30CDACAAC3446BD084566552CC5360A2CA3A4FCFD4BBE,Results,
CORE_BM25_TEST_ANSWERABLE_ONLY_MRR10,BM25 test Answerable-only MRR@10,0.201948051948052,0.2019,metric,${THESIS_CONTROL_ROOT}\Final_Core_Evaluation\CORE_RESULTS_ALL_SPLITS.csv,F3D95EA6DD7EAAA3C4F30CDACAAC3446BD084566552CC5360A2CA3A4FCFD4BBE,Results,
CORE_DENSE_E5_TRAIN_ANSWERABLE_ONLY_MAP10,Dense E5 train Answerable-only MAP@10,0.236648264932975,0.2366,metric,${THESIS_CONTROL_ROOT}\Final_Core_Evaluation\CORE_RESULTS_ALL_SPLITS.csv,F3D95EA6DD7EAAA3C4F30CDACAAC3446BD084566552CC5360A2CA3A4FCFD4BBE,Results,
CORE_DENSE_E5_TRAIN_ANSWERABLE_ONLY_MRR10,Dense E5 train Answerable-only MRR@10,0.386652724152724,0.3867,metric,${THESIS_CONTROL_ROOT}\Final_Core_Evaluation\CORE_RESULTS_ALL_SPLITS.csv,F3D95EA6DD7EAAA3C4F30CDACAAC3446BD084566552CC5360A2CA3A4FCFD4BBE,Results,
CORE_DENSE_E5_DEV_ANSWERABLE_ONLY_MAP10,Dense E5 dev Answerable-only MAP@10,0.189828020226934,0.1898,metric,${THESIS_CONTROL_ROOT}\Final_Core_Evaluation\CORE_RESULTS_ALL_SPLITS.csv,F3D95EA6DD7EAAA3C4F30CDACAAC3446BD084566552CC5360A2CA3A4FCFD4BBE,Results,
CORE_DENSE_E5_DEV_ANSWERABLE_ONLY_MRR10,Dense E5 dev Answerable-only MRR@10,0.357331821617536,0.3573,metric,${THESIS_CONTROL_ROOT}\Final_Core_Evaluation\CORE_RESULTS_ALL_SPLITS.csv,F3D95EA6DD7EAAA3C4F30CDACAAC3446BD084566552CC5360A2CA3A4FCFD4BBE,Results,
CORE_DENSE_E5_TEST_ANSWERABLE_ONLY_MAP10,Dense E5 test Answerable-only MAP@10,0.115360306469744,0.1154,metric,${THESIS_CONTROL_ROOT}\Final_Core_Evaluation\CORE_RESULTS_ALL_SPLITS.csv,F3D95EA6DD7EAAA3C4F30CDACAAC3446BD084566552CC5360A2CA3A4FCFD4BBE,Results,
CORE_DENSE_E5_TEST_ANSWERABLE_ONLY_MRR10,Dense E5 test Answerable-only MRR@10,0.335606060606061,0.3356,metric,${THESIS_CONTROL_ROOT}\Final_Core_Evaluation\CORE_RESULTS_ALL_SPLITS.csv,F3D95EA6DD7EAAA3C4F30CDACAAC3446BD084566552CC5360A2CA3A4FCFD4BBE,Results,
CORE_FIXED_RALSR_TRAIN_ANSWERABLE_ONLY_MAP10,Fixed RALSR train Answerable-only MAP@10,0.105048857809274,0.1050,metric,${THESIS_CONTROL_ROOT}\Final_Core_Evaluation\CORE_RESULTS_ALL_SPLITS.csv,F3D95EA6DD7EAAA3C4F30CDACAAC3446BD084566552CC5360A2CA3A4FCFD4BBE,Results,
CORE_FIXED_RALSR_TRAIN_ANSWERABLE_ONLY_MRR10,Fixed RALSR train Answerable-only MRR@10,0.168438974688975,0.1684,metric,${THESIS_CONTROL_ROOT}\Final_Core_Evaluation\CORE_RESULTS_ALL_SPLITS.csv,F3D95EA6DD7EAAA3C4F30CDACAAC3446BD084566552CC5360A2CA3A4FCFD4BBE,Results,
CORE_FIXED_RALSR_DEV_ANSWERABLE_ONLY_MAP10,Fixed RALSR dev Answerable-only MAP@10,0.080215419501134,0.0802,metric,${THESIS_CONTROL_ROOT}\Final_Core_Evaluation\CORE_RESULTS_ALL_SPLITS.csv,F3D95EA6DD7EAAA3C4F30CDACAAC3446BD084566552CC5360A2CA3A4FCFD4BBE,Results,
CORE_FIXED_RALSR_DEV_ANSWERABLE_ONLY_MRR10,Fixed RALSR dev Answerable-only MRR@10,0.150793650793651,0.1508,metric,${THESIS_CONTROL_ROOT}\Final_Core_Evaluation\CORE_RESULTS_ALL_SPLITS.csv,F3D95EA6DD7EAAA3C4F30CDACAAC3446BD084566552CC5360A2CA3A4FCFD4BBE,Results,
CORE_FIXED_RALSR_TEST_ANSWERABLE_ONLY_MAP10,Fixed RALSR test Answerable-only MAP@10,0.049721426449368,0.0497,metric,${THESIS_CONTROL_ROOT}\Final_Core_Evaluation\CORE_RESULTS_ALL_SPLITS.csv,F3D95EA6DD7EAAA3C4F30CDACAAC3446BD084566552CC5360A2CA3A4FCFD4BBE,Results,
CORE_FIXED_RALSR_TEST_ANSWERABLE_ONLY_MRR10,Fixed RALSR test Answerable-only MRR@10,0.156655844155844,0.1567,metric,${THESIS_CONTROL_ROOT}\Final_Core_Evaluation\CORE_RESULTS_ALL_SPLITS.csv,F3D95EA6DD7EAAA3C4F30CDACAAC3446BD084566552CC5360A2CA3A4FCFD4BBE,Results,
CORE_TUNED_RALSR_TRAIN_ANSWERABLE_ONLY_MAP10,Tuned RALSR train Answerable-only MAP@10,0.112085492085492,0.1121,metric,${THESIS_CONTROL_ROOT}\Final_Core_Evaluation\CORE_RESULTS_ALL_SPLITS.csv,F3D95EA6DD7EAAA3C4F30CDACAAC3446BD084566552CC5360A2CA3A4FCFD4BBE,Results,
CORE_TUNED_RALSR_TRAIN_ANSWERABLE_ONLY_MRR10,Tuned RALSR train Answerable-only MRR@10,0.189320570570571,0.1893,metric,${THESIS_CONTROL_ROOT}\Final_Core_Evaluation\CORE_RESULTS_ALL_SPLITS.csv,F3D95EA6DD7EAAA3C4F30CDACAAC3446BD084566552CC5360A2CA3A4FCFD4BBE,Results,
CORE_TUNED_RALSR_DEV_ANSWERABLE_ONLY_MAP10,Tuned RALSR dev Answerable-only MAP@10,0.080073696145125,0.0801,metric,${THESIS_CONTROL_ROOT}\Final_Core_Evaluation\CORE_RESULTS_ALL_SPLITS.csv,F3D95EA6DD7EAAA3C4F30CDACAAC3446BD084566552CC5360A2CA3A4FCFD4BBE,Results,
CORE_TUNED_RALSR_DEV_ANSWERABLE_ONLY_MRR10,Tuned RALSR dev Answerable-only MRR@10,0.130952380952381,0.1310,metric,${THESIS_CONTROL_ROOT}\Final_Core_Evaluation\CORE_RESULTS_ALL_SPLITS.csv,F3D95EA6DD7EAAA3C4F30CDACAAC3446BD084566552CC5360A2CA3A4FCFD4BBE,Results,
CORE_TUNED_RALSR_TEST_ANSWERABLE_ONLY_MAP10,Tuned RALSR test Answerable-only MAP@10,0.047341375944317,0.0473,metric,${THESIS_CONTROL_ROOT}\Final_Core_Evaluation\CORE_RESULTS_ALL_SPLITS.csv,F3D95EA6DD7EAAA3C4F30CDACAAC3446BD084566552CC5360A2CA3A4FCFD4BBE,Results,
CORE_TUNED_RALSR_TEST_ANSWERABLE_ONLY_MRR10,Tuned RALSR test Answerable-only MRR@10,0.157476551226551,0.1575,metric,${THESIS_CONTROL_ROOT}\Final_Core_Evaluation\CORE_RESULTS_ALL_SPLITS.csv,F3D95EA6DD7EAAA3C4F30CDACAAC3446BD084566552CC5360A2CA3A4FCFD4BBE,Results,
CSR_DENSE_E5_PLUS_CSR_TRAIN_OFFICIAL_JUDGED_MAP10,Dense E5 + CSR train Official judged MAP@10,0.137723222264141,0.1377,metric,${THESIS_CONTROL_ROOT}\CSR_Final_Evaluation\CSR_RESULTS_ALL_SPLITS.csv,B35A5EE893597A3B6D97D34A6A1A7F4D154A1B215973C884A9D81975D7C786E4,Results,
CSR_DENSE_E5_PLUS_CSR_TRAIN_OFFICIAL_JUDGED_MRR10,Dense E5 + CSR train Official judged MRR@10,0.257459861339172,0.2575,metric,${THESIS_CONTROL_ROOT}\CSR_Final_Evaluation\CSR_RESULTS_ALL_SPLITS.csv,B35A5EE893597A3B6D97D34A6A1A7F4D154A1B215973C884A9D81975D7C786E4,Results,
CSR_DENSE_E5_PLUS_CSR_DEV_OFFICIAL_JUDGED_MAP10,Dense E5 + CSR dev Official judged MAP@10,0.102259398496240,0.1023,metric,${THESIS_CONTROL_ROOT}\CSR_Final_Evaluation\CSR_RESULTS_ALL_SPLITS.csv,B35A5EE893597A3B6D97D34A6A1A7F4D154A1B215973C884A9D81975D7C786E4,Results,
CSR_DENSE_E5_PLUS_CSR_DEV_OFFICIAL_JUDGED_MRR10,Dense E5 + CSR dev Official judged MRR@10,0.259047619047619,0.2590,metric,${THESIS_CONTROL_ROOT}\CSR_Final_Evaluation\CSR_RESULTS_ALL_SPLITS.csv,B35A5EE893597A3B6D97D34A6A1A7F4D154A1B215973C884A9D81975D7C786E4,Results,
CSR_DENSE_E5_PLUS_CSR_TEST_OFFICIAL_JUDGED_MAP10,Dense E5 + CSR test Official judged MAP@10,0.071858946594347,0.0719,metric,${THESIS_CONTROL_ROOT}\CSR_Final_Evaluation\CSR_RESULTS_ALL_SPLITS.csv,B35A5EE893597A3B6D97D34A6A1A7F4D154A1B215973C884A9D81975D7C786E4,Results,
CSR_DENSE_E5_PLUS_CSR_TEST_OFFICIAL_JUDGED_MRR10,Dense E5 + CSR test Official judged MRR@10,0.187519452225335,0.1875,metric,${THESIS_CONTROL_ROOT}\CSR_Final_Evaluation\CSR_RESULTS_ALL_SPLITS.csv,B35A5EE893597A3B6D97D34A6A1A7F4D154A1B215973C884A9D81975D7C786E4,Results,
CSR_DENSE_E5_PLUS_CSR_TRAIN_ANSWERABLE_ONLY_MAP10,Dense E5 + CSR train Answerable-only MAP@10,0.161917842391626,0.1619,metric,${THESIS_CONTROL_ROOT}\CSR_Final_Evaluation\CSR_RESULTS_ALL_SPLITS.csv,B35A5EE893597A3B6D97D34A6A1A7F4D154A1B215973C884A9D81975D7C786E4,Results,
CSR_DENSE_E5_PLUS_CSR_TRAIN_ANSWERABLE_ONLY_MRR10,Dense E5 + CSR train Answerable-only MRR@10,0.302689296439296,0.3027,metric,${THESIS_CONTROL_ROOT}\CSR_Final_Evaluation\CSR_RESULTS_ALL_SPLITS.csv,B35A5EE893597A3B6D97D34A6A1A7F4D154A1B215973C884A9D81975D7C786E4,Results,
CSR_DENSE_E5_PLUS_CSR_DEV_ANSWERABLE_ONLY_MAP10,Dense E5 + CSR dev Answerable-only MAP@10,0.121737379162191,0.1217,metric,${THESIS_CONTROL_ROOT}\CSR_Final_Evaluation\CSR_RESULTS_ALL_SPLITS.csv,B35A5EE893597A3B6D97D34A6A1A7F4D154A1B215973C884A9D81975D7C786E4,Results,
CSR_DENSE_E5_PLUS_CSR_DEV_ANSWERABLE_ONLY_MRR10,Dense E5 + CSR dev Answerable-only MRR@10,0.308390022675737,0.3084,metric,${THESIS_CONTROL_ROOT}\CSR_Final_Evaluation\CSR_RESULTS_ALL_SPLITS.csv,B35A5EE893597A3B6D97D34A6A1A7F4D154A1B215973C884A9D81975D7C786E4,Results,
CSR_DENSE_E5_PLUS_CSR_TEST_ANSWERABLE_ONLY_MAP10,Dense E5 + CSR test Answerable-only MAP@10,0.083291051734357,0.0833,metric,${THESIS_CONTROL_ROOT}\CSR_Final_Evaluation\CSR_RESULTS_ALL_SPLITS.csv,B35A5EE893597A3B6D97D34A6A1A7F4D154A1B215973C884A9D81975D7C786E4,Results,
CSR_DENSE_E5_PLUS_CSR_TEST_ANSWERABLE_ONLY_MRR10,Dense E5 + CSR test Answerable-only MRR@10,0.217352092352092,0.2174,metric,${THESIS_CONTROL_ROOT}\CSR_Final_Evaluation\CSR_RESULTS_ALL_SPLITS.csv,B35A5EE893597A3B6D97D34A6A1A7F4D154A1B215973C884A9D81975D7C786E4,Results,
CE_RALSR_PLUS_CROSSENCODER_TRAIN_OFFICIAL_JUDGED_MAP10,RALSR + CrossEncoder train Official judged MAP@10,0.2070347014061094,0.2070,metric,${THESIS_CONTROL_ROOT}\CrossEncoder_Final_Evaluation\CROSSENCODER_RESULTS_ALL_SPLITS.csv,60DAD1F185CBB55256B5210767F78E330C12627B890E4F3EE89655D5090D8C9E,Results,
CE_RALSR_PLUS_CROSSENCODER_TRAIN_OFFICIAL_JUDGED_MRR10,RALSR + CrossEncoder train Official judged MRR@10,0.3315020069330414,0.3315,metric,${THESIS_CONTROL_ROOT}\CrossEncoder_Final_Evaluation\CROSSENCODER_RESULTS_ALL_SPLITS.csv,60DAD1F185CBB55256B5210767F78E330C12627B890E4F3EE89655D5090D8C9E,Results,
CE_RALSR_PLUS_CROSSENCODER_DEV_OFFICIAL_JUDGED_MAP10,RALSR + CrossEncoder dev Official judged MAP@10,0.1656298815822625,0.1656,metric,${THESIS_CONTROL_ROOT}\CrossEncoder_Final_Evaluation\CROSSENCODER_RESULTS_ALL_SPLITS.csv,60DAD1F185CBB55256B5210767F78E330C12627B890E4F3EE89655D5090D8C9E,Results,
CE_RALSR_PLUS_CROSSENCODER_DEV_OFFICIAL_JUDGED_MRR10,RALSR + CrossEncoder dev Official judged MRR@10,0.2613333333333333,0.2613,metric,${THESIS_CONTROL_ROOT}\CrossEncoder_Final_Evaluation\CROSSENCODER_RESULTS_ALL_SPLITS.csv,60DAD1F185CBB55256B5210767F78E330C12627B890E4F3EE89655D5090D8C9E,Results,
CE_RALSR_PLUS_CROSSENCODER_TEST_OFFICIAL_JUDGED_MAP10,RALSR + CrossEncoder test Official judged MAP@10,0.0680915714143318,0.0681,metric,${THESIS_CONTROL_ROOT}\CrossEncoder_Final_Evaluation\CROSSENCODER_RESULTS_ALL_SPLITS.csv,60DAD1F185CBB55256B5210767F78E330C12627B890E4F3EE89655D5090D8C9E,Results,
CE_RALSR_PLUS_CROSSENCODER_TEST_OFFICIAL_JUDGED_MRR10,RALSR + CrossEncoder test Official judged MRR@10,0.1818082788671024,0.1818,metric,${THESIS_CONTROL_ROOT}\CrossEncoder_Final_Evaluation\CROSSENCODER_RESULTS_ALL_SPLITS.csv,60DAD1F185CBB55256B5210767F78E330C12627B890E4F3EE89655D5090D8C9E,Results,
CE_RALSR_PLUS_CROSSENCODER_TRAIN_ANSWERABLE_ONLY_MAP10,RALSR + CrossEncoder train Answerable-only MAP@10,0.2298921489504259,0.2299,metric,${THESIS_CONTROL_ROOT}\CrossEncoder_Final_Evaluation\CROSSENCODER_RESULTS_ALL_SPLITS.csv,60DAD1F185CBB55256B5210767F78E330C12627B890E4F3EE89655D5090D8C9E,Results,
CE_RALSR_PLUS_CROSSENCODER_TRAIN_ANSWERABLE_ONLY_MRR10,RALSR + CrossEncoder train Answerable-only MRR@10,0.3762253324753325,0.3762,metric,${THESIS_CONTROL_ROOT}\CrossEncoder_Final_Evaluation\CROSSENCODER_RESULTS_ALL_SPLITS.csv,60DAD1F185CBB55256B5210767F78E330C12627B890E4F3EE89655D5090D8C9E,Results,
CE_RALSR_PLUS_CROSSENCODER_DEV_ANSWERABLE_ONLY_MAP10,RALSR + CrossEncoder dev Answerable-only MAP@10,0.1971784304550744,0.1972,metric,${THESIS_CONTROL_ROOT}\CrossEncoder_Final_Evaluation\CROSSENCODER_RESULTS_ALL_SPLITS.csv,60DAD1F185CBB55256B5210767F78E330C12627B890E4F3EE89655D5090D8C9E,Results,
CE_RALSR_PLUS_CROSSENCODER_DEV_ANSWERABLE_ONLY_MRR10,RALSR + CrossEncoder dev Answerable-only MRR@10,0.3111111111111111,0.3111,metric,${THESIS_CONTROL_ROOT}\CrossEncoder_Final_Evaluation\CROSSENCODER_RESULTS_ALL_SPLITS.csv,60DAD1F185CBB55256B5210767F78E330C12627B890E4F3EE89655D5090D8C9E,Results,
CE_RALSR_PLUS_CROSSENCODER_TEST_ANSWERABLE_ONLY_MAP10,RALSR + CrossEncoder test Answerable-only MAP@10,0.0789243214120665,0.0789,metric,${THESIS_CONTROL_ROOT}\CrossEncoder_Final_Evaluation\CROSSENCODER_RESULTS_ALL_SPLITS.csv,60DAD1F185CBB55256B5210767F78E330C12627B890E4F3EE89655D5090D8C9E,Results,
CE_RALSR_PLUS_CROSSENCODER_TEST_ANSWERABLE_ONLY_MRR10,RALSR + CrossEncoder test Answerable-only MRR@10,0.2107323232323232,0.2107,metric,${THESIS_CONTROL_ROOT}\CrossEncoder_Final_Evaluation\CROSSENCODER_RESULTS_ALL_SPLITS.csv,60DAD1F185CBB55256B5210767F78E330C12627B890E4F3EE89655D5090D8C9E,Results,
ERR_STRUCTURAL,Structural zero-candidate failures,2,2,count,${THESIS_CONTROL_ROOT}\Core_Error_Analysis\RALSR_ERROR_TAXONOMY.csv,01104F672DAAC7991341F53CCD5BEABA4A0C8575813674992825AF1EDAE47222,Results/Discussion,
ERR_CANDIDATE,Nonempty candidates/no relevant passage,6,6,count,${THESIS_CONTROL_ROOT}\Core_Error_Analysis\RALSR_ERROR_TAXONOMY.csv,01104F672DAAC7991341F53CCD5BEABA4A0C8575813674992825AF1EDAE47222,Results/Discussion,
ERR_RANKING,Relevant candidate below Top 10,21,21,count,${THESIS_CONTROL_ROOT}\Core_Error_Analysis\RALSR_ERROR_TAXONOMY.csv,01104F672DAAC7991341F53CCD5BEABA4A0C8575813674992825AF1EDAE47222,Results/Discussion,
ERR_SUCCESS,Top-10 successes,15,15,count,${THESIS_CONTROL_ROOT}\Core_Error_Analysis\RALSR_ERROR_TAXONOMY.csv,01104F672DAAC7991341F53CCD5BEABA4A0C8575813674992825AF1EDAE47222,Results/Discussion,
CE_RESCUED_TOP10,Rerankable failures rescued into Top 10,7,7,count,${THESIS_CONTROL_ROOT}\CrossEncoder_Final_Evaluation\STEP8_RANKING_FAILURE_RESCUE_ANALYSIS.csv,3AD7D7B638D61F5AFD633E905D4A9E808C7164EBFFB819CFB4459A42A4B56A31,Results/Discussion,
CE_RESCUED_RANK1,Rerankable failures rescued to rank 1,2,2,count,${THESIS_CONTROL_ROOT}\CrossEncoder_Final_Evaluation\STEP8_RANKING_FAILURE_RESCUE_ANALYSIS.csv,3AD7D7B638D61F5AFD633E905D4A9E808C7164EBFFB819CFB4459A42A4B56A31,Results/Discussion,
CE_UNRECOVERABLE,Answerable candidate-unrecoverable cases,8,8,count,${THESIS_CONTROL_ROOT}\CrossEncoder_Final_Evaluation\Tables\TABLE_CANDIDATE_GENERATION_CEILING.csv,C84A615CF9685753549AB91E56B716DF6D2C50B9819D517F2F7AAFE917749A73,Discussion,
